PST,Max TemperatureF,Mean TemperatureF,Min TemperatureF,Max Dew PointF,MeanDew PointF,Min DewpointF,Max Humidity, Mean Humidity, Min Humidity, Max Sea Level PressureIn, Mean Sea Level PressureIn, Min Sea Level PressureIn, Max VisibilityMiles, Mean VisibilityMiles, Min VisibilityMiles, Max Wind SpeedMPH, Mean Wind SpeedMPH, Max Gust SpeedMPH,PrecipitationIn, CloudCover, Events, WindDirDegrees
2014-1-1,62,49,35,36,34,32,89,62,34,30.22,30.17,30.12,10,8,6,8,1,10,0.00,2,,310
2014-1-2,65,52,38,38,34,32,82,57,31,30.18,30.11,30.06,10,10,9,8,1,13,0.00,2,,259
2014-1-3,64,52,40,37,35,32,76,53,30,30.07,30.02,29.96,10,10,10,8,2,10,0.00,3,,354
2014-1-4,66,52,38,44,36,29,82,57,32,30.08,30.02,29.98,10,10,10,8,3,12,0.00,1,,227
2014-1-5,66,51,35,33,28,22,70,45,19,30.21,30.15,30.09,10,10,10,6,1,8,0.00,0,,125
2014-1-6,62,50,38,37,34,30,70,53,36,30.28,30.21,30.16,10,10,10,9,1,12,0.00,5,,290
2014-1-7,63,54,44,44,39,35,80,58,36,30.22,30.18,30.13,10,10,8,10,3,12,0.00,4,,235
2014-1-8,58,54,50,50,47,43,96,82,67,30.23,30.20,30.16,10,8,2,14,5,16,T,7,Rain,309
2014-1-9,59,53,46,52,46,42,96,79,61,30.27,30.23,30.20,10,8,1,18,4,21,0.01,6,Rain,303
2014-1-10,62,52,41,48,43,37,86,69,52,30.31,30.24,30.18,10,10,10,8,2,13,0.00,3,,297
2014-1-11,59,51,43,50,44,40,93,78,62,30.30,30.23,30.17,10,10,10,20,3,24,0.00,4,,349
2014-1-12,60,52,43,46,41,35,100,72,44,30.38,30.32,30.27,10,10,9,17,6,22,0.00,3,,264
2014-1-13,68,56,43,35,33,31,70,48,26,30.46,30.39,30.34,10,10,10,9,3,14,0.00,0,,236
2014-1-14,76,57,37,34,27,13,76,43,9,30.45,30.37,30.32,10,10,10,17,3,24,0.00,0,,5
2014-1-15,71,55,39,34,29,25,53,37,20,30.34,30.27,30.20,10,10,10,9,2,12,0.00,0,,154
2014-1-16,73,56,39,34,29,25,62,40,18,30.24,30.17,30.12,10,10,10,8,1,10,0.00,0,,107
2014-1-17,69,54,39,38,32,29,60,42,24,30.19,30.14,30.11,10,10,9,8,2,10,0.00,0,,272
2014-1-18,70,54,37,34,31,28,70,46,22,30.17,30.11,30.06,10,10,9,7,1,12,0.00,0,,330
2014-1-19,69,53,36,36,31,27,64,43,22,30.14,30.09,30.05,10,10,8,8,1,14,0.00,1,,310
2014-1-20,69,54,38,33,30,27,65,44,22,30.23,30.17,30.13,10,10,10,7,1,10,0.00,1,,64
2014-1-21,68,53,37,37,31,27,70,47,24,30.27,30.21,30.16,10,10,10,8,2,10,0.00,3,,237
2014-1-22,72,55,38,46,31,21,86,51,15,30.16,30.04,29.93,10,10,10,9,3,13,0.00,0,,307
2014-1-23,67,54,40,37,32,29,80,52,24,30.01,29.92,29.87,10,10,7,13,2,14,0.00,0,,208
2014-1-24,65,53,40,42,38,34,76,58,40,30.27,30.16,30.02,10,8,6,6,1,8,0.00,3,,358
2014-1-25,71,58,44,42,37,32,76,50,24,30.27,30.19,30.13,10,10,9,7,2,12,0.00,1,,298
2014-1-26,71,58,45,48,36,29,93,58,22,30.13,30.09,30.02,10,10,9,10,4,14,0.00,2,,314
2014-1-27,64,55,46,50,47,43,100,74,48,30.21,30.14,30.08,10,5,0,10,2,13,0.00,7,Fog,239
2014-1-28,67,58,48,59,51,45,93,73,52,30.27,30.22,30.19,10,9,3,16,4,22,0.00,7,,305
2014-1-29,68,62,55,59,56,49,100,84,68,30.22,30.13,29.99,10,7,2,16,4,20,0.01,7,Rain,312
2014-1-30,60,56,51,50,47,41,96,74,51,29.99,29.92,29.87,10,10,7,14,8,,0.10,6,Rain,285
2014-1-31,60,52,44,45,40,30,86,60,33,30.09,30.04,29.93,10,10,10,17,6,20,0.00,3,,294
2014-2-1,60,49,37,41,33,21,82,52,22,30.17,30.12,30.09,10,10,10,13,4,16,0.00,1,,335
2014-2-2,54,48,41,46,39,34,100,80,59,30.07,29.93,29.86,10,10,8,28,10,36,0.08,5,Rain,125
2014-2-3,56,48,39,42,38,33,89,68,46,30.09,30.04,29.98,10,10,10,18,6,26,0.00,3,,266
2014-2-4,56,46,36,38,36,33,85,68,50,30.18,30.12,30.08,10,10,10,14,5,17,0.00,4,,212
2014-2-5,57,47,36,43,37,32,85,64,43,30.22,30.16,30.07,10,10,10,14,5,17,0.01,6,Rain,130
2014-2-6,54,50,46,51,46,44,100,86,71,30.05,29.96,29.89,10,9,3,23,10,28,0.61,7,Rain,124
2014-2-7,55,51,47,54,50,46,100,92,83,30.11,30.06,30.02,10,10,6,26,10,35,0.14,7,Rain,122
2014-2-8,61,57,53,54,51,48,86,79,72,30.18,30.13,30.09,10,10,10,22,13,29,0.02,7,Rain,126
2014-2-9,63,60,57,55,53,52,93,80,67,30.18,30.14,30.10,10,10,10,17,10,23,0.05,8,,136
2014-2-10,62,57,51,54,52,50,100,86,72,30.28,30.22,30.12,10,9,2,14,5,16,0.01,7,,311
2014-2-11,62,56,49,52,49,46,100,80,60,30.26,30.23,30.17,10,6,1,14,3,17,0.00,7,,325
2014-2-12,63,56,49,50,47,41,93,78,48,30.29,30.23,30.19,10,8,3,12,3,14,0.00,7,,294
2014-2-13,69,59,49,55,51,46,100,80,59,30.23,30.17,30.10,10,6,0,13,4,15,0.00,5,Fog,276
2014-2-14,63,58,53,56,53,48,100,82,64,30.17,30.13,30.06,10,7,1,12,4,14,T,7,,312
2014-2-15,63,56,48,52,49,46,93,80,67,30.06,30.02,29.98,10,10,10,18,6,23,0.02,6,Rain,128
2014-2-16,63,55,47,54,45,33,100,67,34,30.21,30.13,30.05,10,9,2,14,5,23,0.04,5,Rain,307
2014-2-17,61,50,39,46,40,36,86,64,42,30.19,30.15,30.11,10,10,10,16,6,20,0.00,3,,307
2014-2-18,64,54,43,49,44,38,89,64,39,30.21,30.15,30.10,10,10,10,20,4,24,0.00,5,,316
2014-2-19,63,56,49,52,47,40,100,72,43,30.21,30.16,30.11,10,10,7,21,8,23,0.01,4,Rain,304
2014-2-20,67,55,42,44,39,32,89,59,29,30.21,30.16,30.11,10,10,10,16,4,17,0.00,3,,289
2014-2-21,72,57,42,48,41,32,83,54,24,30.12,30.06,29.98,10,10,10,15,4,17,0.00,1,,306
2014-2-22,71,57,42,49,44,33,93,60,26,30.02,29.98,29.92,10,10,10,14,5,17,0.00,2,,304
2014-2-23,68,57,45,50,46,40,93,64,35,30.04,29.99,29.94,10,9,5,16,3,20,0.00,3,,284
2014-2-24,73,59,44,48,43,40,89,61,33,30.00,29.96,29.89,10,10,10,15,3,18,0.00,1,,291
2014-2-25,66,55,44,48,45,43,100,76,52,29.99,29.95,29.90,10,8,3,14,6,16,0.00,4,,163
2014-2-26,61,57,52,57,51,45,100,83,66,29.96,29.86,29.70,10,9,3,29,13,40,0.68,7,Rain,129
2014-2-27,65,59,52,54,48,44,83,66,48,29.91,29.79,29.51,10,10,9,26,10,36,0.01,6,Rain,123
2014-2-28,62,57,52,56,50,46,100,78,55,29.51,29.43,29.39,10,8,2,25,12,35,0.97,7,Rain,125
2014-3-1,66,59,52,51,48,44,89,73,56,29.82,29.62,29.47,10,10,7,29,14,38,0.21,5,Rain,115
2014-3-2,63,57,50,55,50,46,86,71,56,30.18,30.01,29.83,10,10,7,20,9,24,0.02,5,Rain,145
2014-3-3,63,56,48,54,49,46,100,82,64,30.16,30.11,30.02,10,10,7,22,8,28,0.17,6,Rain,126
2014-3-4,68,61,53,55,54,52,93,78,63,30.12,30.08,30.04,10,10,10,22,6,28,0.00,7,,136
2014-3-5,74,63,52,55,52,45,100,72,44,30.11,30.07,30.01,10,9,5,16,8,21,T,7,,140
2014-3-6,67,60,52,57,52,42,93,69,44,30.20,30.13,30.07,10,10,8,15,7,20,0.02,6,Rain,297
2014-3-7,68,58,48,52,46,42,93,68,42,30.18,30.15,30.09,10,10,10,15,6,23,0.00,3,,290
2014-3-8,74,60,45,52,46,39,93,63,33,30.21,30.16,30.11,10,10,10,12,3,14,0.00,4,,318
2014-3-9,81,69,57,51,46,26,77,46,15,30.18,30.12,30.06,10,10,10,15,4,20,0.00,5,,157
2014-3-10,69,62,55,54,48,42,80,63,45,30.23,30.17,30.11,10,9,2,20,10,23,0.01,4,Rain,289
2014-3-11,71,63,54,44,30,19,66,42,18,30.18,30.09,30.01,10,10,10,25,11,38,0.00,1,,317
2014-3-12,77,64,50,33,26,13,38,26,14,30.08,30.02,29.98,10,10,10,18,7,28,0.00,0,,333
2014-3-13,77,62,46,49,34,19,83,42,11,30.08,30.03,29.97,10,10,10,14,4,,0.00,0,,299
2014-3-14,71,58,44,51,44,37,83,56,29,30.23,30.16,30.08,10,10,9,15,5,18,0.00,2,,291
2014-3-15,79,64,48,51,46,40,86,56,26,30.30,30.26,30.23,10,10,10,15,5,18,0.00,0,,276
2014-3-16,80,65,49,51,44,31,83,51,18,30.31,30.26,30.18,10,10,10,20,5,24,0.00,2,,314
2014-3-17,69,59,48,48,45,41,86,62,37,30.26,30.11,29.98,10,10,10,18,8,23,0.00,3,,286
2014-3-18,71,58,44,46,34,22,86,52,17,29.98,29.94,29.89,10,10,10,20,6,24,0.00,0,,301
2014-3-19,76,61,45,42,36,33,65,43,21,30.08,30.03,29.98,10,10,10,14,4,16,0.00,3,,298
2014-3-20,74,62,49,47,40,36,72,50,27,30.06,30.01,29.94,10,10,10,18,6,22,0.00,4,,315
2014-3-21,70,58,46,48,45,42,86,62,37,30.01,29.97,29.93,10,10,9,17,5,21,T,2,,303
2014-3-22,71,59,46,49,45,42,86,62,37,30.13,30.06,30.00,10,10,10,15,6,17,0.00,1,,178
2014-3-23,69,58,47,51,46,43,93,65,37,30.18,30.13,30.08,10,10,7,15,5,17,0.00,3,,231
2014-3-24,75,61,46,47,43,33,86,54,21,30.15,30.09,30.02,10,10,10,15,6,18,0.00,0,,293
2014-3-25,67,56,44,53,45,39,89,66,43,30.06,29.96,29.88,10,10,9,20,4,23,0.08,4,Rain,250
2014-3-26,63,57,50,52,47,43,89,70,51,29.99,29.88,29.84,10,10,5,18,7,24,0.08,5,Rain,199
2014-3-27,65,56,46,47,45,42,93,71,48,30.15,30.07,29.99,10,10,10,13,6,20,0.00,5,,69
2014-3-28,71,61,50,49,47,45,89,65,40,30.20,30.15,30.10,10,10,10,15,7,18,0.00,5,,132
2014-3-29,63,57,50,56,50,47,96,82,67,30.15,30.07,30.02,10,10,5,18,9,23,0.33,6,Rain,152
2014-3-30,63,55,47,48,44,39,93,71,49,30.14,30.10,30.06,10,10,10,17,7,22,0.01,5,Rain,286
2014-3-31,57,50,43,47,44,40,100,76,51,30.08,29.94,29.86,10,9,3,23,9,32,0.42,5,Rain,129
2014-4-1,57,50,43,46,43,38,100,80,59,29.96,29.91,29.85,10,10,6,23,10,32,0.29,6,Rain,128
2014-4-2,61,52,43,45,42,39,100,73,46,30.12,30.03,29.90,10,10,10,16,7,20,0.01,2,,311
2014-4-3,66,55,43,47,42,33,96,66,36,30.12,30.08,30.03,10,10,10,16,7,21,0.00,4,,149
2014-4-4,61,55,49,49,46,41,86,69,51,30.06,30.03,29.98,10,9,2,16,8,22,0.09,6,Rain,234
2014-4-5,67,59,50,47,45,43,86,64,42,30.21,30.13,30.06,10,10,10,21,8,23,0.00,3,,306
2014-4-6,76,61,46,51,47,43,93,65,36,30.24,30.18,30.10,10,10,10,16,5,23,0.00,2,,288
2014-4-7,82,68,53,53,50,46,83,59,34,30.15,30.10,30.05,10,10,10,15,4,18,0.00,0,,307
2014-4-8,87,72,56,55,52,47,80,54,28,30.11,30.06,30.01,10,10,10,17,4,21,0.00,4,,285
2014-4-9,75,65,54,55,52,44,93,64,35,30.09,30.05,29.98,10,10,9,13,5,18,0.00,4,,297
2014-4-10,80,66,52,56,50,38,96,60,23,30.04,29.98,29.89,10,9,5,13,4,14,0.00,5,,300
2014-4-11,70,62,54,54,51,48,93,75,57,29.95,29.91,29.84,10,10,8,14,6,17,0.00,6,,305
2014-4-12,71,62,53,51,48,45,77,59,41,29.96,29.90,29.86,10,10,10,18,7,22,0.00,4,,200
2014-4-13,75,65,54,53,48,46,80,61,41,30.06,30.00,29.95,10,10,10,18,6,22,0.00,3,,281
2014-4-14,76,64,51,54,49,38,89,57,25,30.12,30.07,30.03,10,9,5,13,5,16,0.00,2,,278
2014-4-15,72,59,45,52,50,46,89,68,47,30.06,30.00,29.91,10,10,8,17,6,20,0.00,3,,310
2014-4-16,79,64,49,50,47,45,83,58,32,29.94,29.88,29.81,10,10,9,16,6,20,0.00,2,,305
2014-4-17,73,63,52,52,50,46,83,66,49,29.89,29.85,29.80,10,10,9,21,6,25,0.00,3,,316
2014-4-18,71,61,51,52,48,44,83,64,44,29.96,29.91,29.88,10,10,10,20,6,22,0.00,2,,322
2014-4-19,69,60,50,52,47,37,86,60,34,30.14,30.07,29.97,10,10,10,20,7,26,0.00,2,,342
2014-4-20,80,65,50,52,46,38,89,55,21,30.14,30.10,30.05,10,10,10,20,5,25,0.00,1,,296
2014-4-21,74,62,50,49,44,38,77,53,29,30.09,30.04,29.99,10,10,10,24,6,29,0.00,5,,302
2014-4-22,65,58,50,48,40,27,83,54,24,30.14,30.07,29.97,10,10,10,24,15,31,T,4,,291
2014-4-23,67,57,47,48,40,35,83,59,34,30.15,30.12,30.09,10,10,10,21,8,26,0.00,3,,298
2014-4-24,68,59,50,52,48,45,83,66,48,30.13,30.07,29.99,10,10,10,21,7,25,T,5,Rain,304
2014-4-25,61,56,50,53,48,41,93,77,60,29.97,29.88,29.82,10,9,5,21,7,26,0.25,7,Rain,240
2014-4-26,63,55,48,45,40,34,83,62,35,30.11,29.97,29.86,10,10,10,17,11,26,0.00,6,,273
2014-4-27,67,59,51,48,44,41,71,60,48,30.15,30.09,30.05,10,10,10,22,9,28,0.00,5,,273
2014-4-28,73,60,47,48,43,36,77,55,32,30.23,30.18,30.15,10,10,10,21,7,25,0.00,1,,302
2014-4-29,86,67,48,46,43,39,77,48,19,30.20,30.13,30.04,10,10,10,15,4,20,0.00,3,,311
2014-4-30,93,76,58,49,46,42,67,43,18,30.09,30.04,29.99,10,10,10,16,5,18,0.00,3,,291
2014-5-1,92,75,58,48,45,35,60,41,21,30.09,30.06,30.03,10,10,10,22,6,26,0.00,3,,290
2014-5-2,84,69,54,53,45,38,86,53,20,30.09,30.06,30.01,10,10,10,18,6,23,0.00,4,,309
2014-5-3,69,62,54,54,49,46,93,69,45,30.06,30.04,30.00,10,10,10,22,10,29,0.00,4,,314
2014-5-4,71,62,52,50,48,46,83,65,47,30.07,30.04,30.01,10,10,10,22,9,28,0.00,4,,296
2014-5-5,67,60,53,49,46,41,77,60,43,30.07,30.02,29.97,10,10,10,22,11,30,0.00,4,,286
2014-5-6,71,61,50,46,43,37,72,52,31,29.97,29.92,29.88,10,10,10,24,10,31,0.00,1,,311
2014-5-7,70,59,48,46,44,41,80,60,40,30.03,29.97,29.92,10,10,6,21,7,26,0.00,4,,145
2014-5-8,70,60,50,54,48,43,77,65,52,30.09,30.06,30.04,10,10,10,14,5,17,T,6,Rain,184
2014-5-9,70,62,53,55,50,40,93,64,35,30.17,30.13,30.09,10,10,8,23,13,28,0.00,5,,304
2014-5-10,69,60,51,44,42,37,77,55,32,30.15,30.09,30.04,10,10,10,29,11,32,0.00,1,,299
2014-5-11,78,63,48,45,38,31,80,49,18,30.10,30.06,30.01,10,10,10,25,9,30,0.00,1,,299
2014-5-12,86,68,50,45,37,30,59,36,13,30.10,30.07,30.02,10,10,10,20,7,25,0.00,2,,311
2014-5-13,95,75,55,44,38,25,55,32,9,30.14,30.09,30.04,10,10,10,18,5,25,0.00,0,,286
2014-5-14,94,76,57,43,37,31,51,32,12,30.14,30.08,30.03,10,10,10,18,7,22,0.00,2,,318
2014-5-15,89,74,58,45,36,22,48,29,9,30.10,30.07,30.04,10,10,10,22,7,26,0.00,4,,312
2014-5-16,78,67,56,53,48,40,83,59,35,30.09,30.05,30.00,10,10,10,18,8,22,0.00,4,,312
2014-5-17,72,63,54,51,49,42,86,65,44,30.02,30.00,29.98,10,10,10,20,8,23,0.00,4,,318
2014-5-18,72,64,56,52,47,42,72,60,47,30.01,29.99,29.96,10,10,10,24,11,28,0.00,2,,308
2014-5-19,71,61,51,48,46,44,77,59,40,29.99,29.96,29.94,10,10,10,22,9,39,0.00,5,,284
2014-5-20,72,63,53,51,48,46,80,61,41,30.01,29.98,29.95,10,10,10,21,7,25,0.00,5,,308
2014-5-21,77,66,55,53,50,48,86,63,39,29.98,29.95,29.90,10,10,10,20,7,24,0.00,3,,51
2014-5-22,76,66,55,55,51,49,83,63,43,30.04,29.96,29.93,10,10,10,20,6,23,0.00,5,,16
2014-5-23,76,66,56,55,54,52,93,70,46,30.04,30.00,29.94,10,9,4,18,6,22,0.00,5,,307
2014-5-24,74,65,55,55,52,48,86,70,53,30.01,29.98,29.94,10,10,10,21,7,24,0.00,2,,304
2014-5-25,83,69,54,50,48,42,83,55,26,29.98,29.95,29.92,10,10,10,18,7,22,0.00,1,,315
2014-5-26,82,68,54,53,48,31,83,55,26,30.04,30.00,29.97,10,10,10,20,8,25,0.00,0,,314
2014-5-27,74,63,52,49,46,43,83,59,35,30.06,30.03,29.99,10,10,10,22,8,26,0.00,0,,313
2014-5-28,76,64,52,50,42,34,77,49,21,30.07,30.01,29.95,10,10,10,22,10,26,0.00,0,,312
2014-5-29,83,68,53,50,41,19,77,44,10,29.96,29.93,29.88,10,10,10,18,7,23,0.00,1,,294
2014-5-30,69,61,52,52,49,46,89,69,48,29.99,29.95,29.92,10,9,7,21,9,28,0.00,2,,314
2014-5-31,76,66,55,54,49,45,80,58,35,29.98,29.95,29.89,10,10,10,14,6,18,0.00,3,,308
2014-6-1,80,66,52,54,50,46,86,61,35,29.93,29.87,29.78,10,10,9,16,7,20,0.00,1,,294
2014-6-2,75,63,51,52,49,46,89,67,44,29.92,29.87,29.84,10,10,10,21,10,24,0.00,1,,103
2014-6-3,78,66,54,53,49,45,83,58,33,29.94,29.90,29.86,10,10,10,16,9,20,0.00,1,,209
2014-6-4,80,66,52,56,51,48,89,65,40,29.91,29.87,29.82,10,10,10,16,6,20,0.00,1,,275
2014-6-5,81,68,55,57,53,48,93,64,35,29.87,29.83,29.79,10,10,8,16,6,20,0.00,1,,284
2014-6-6,77,65,53,56,52,47,89,64,38,29.85,29.82,29.78,10,10,10,15,8,20,0.00,0,,282
2014-6-7,79,66,53,57,53,48,89,66,43,29.86,29.82,29.77,10,10,9,15,7,18,0.00,1,,277
2014-6-8,92,75,58,57,53,48,84,55,26,29.83,29.77,29.71,10,10,8,20,5,23,0.00,0,,304
2014-6-9,88,76,63,62,56,50,87,61,35,29.76,29.72,29.68,10,10,10,18,6,22,0.00,0,,286
2014-6-10,77,67,57,59,55,52,86,70,53,29.82,29.76,29.72,10,10,9,16,8,22,0.00,0,,214
2014-6-11,79,68,57,56,53,51,80,60,40,29.91,29.85,29.82,10,10,10,18,10,23,0.00,1,,165
2014-6-12,72,65,57,52,50,47,77,62,47,29.99,29.95,29.91,10,10,10,21,9,24,0.00,3,,309
2014-6-13,79,66,53,51,47,42,77,54,31,29.99,29.96,29.92,10,10,9,21,7,24,0.00,0,,302
2014-6-14,88,72,55,53,49,34,80,48,15,29.94,29.89,29.84,10,10,10,22,6,28,0.00,2,,316
2014-6-15,74,64,54,51,49,47,77,61,44,29.88,29.83,29.81,10,10,10,22,8,28,0.00,4,,330
2014-6-16,71,62,53,50,45,40,83,58,33,29.93,29.91,29.87,10,10,10,21,7,24,0.00,1,,271
2014-6-17,78,65,52,48,44,37,83,54,24,29.96,29.92,29.90,10,10,10,21,10,24,0.00,1,,295
2014-6-18,88,71,53,52,42,30,72,43,13,29.96,29.93,29.90,10,10,10,22,7,26,0.00,0,,296
2014-6-19,77,66,55,53,51,48,86,62,38,30.00,29.97,29.94,10,10,10,18,8,22,0.00,1,,295
2014-6-20,83,70,56,52,48,41,83,55,26,29.99,29.96,29.93,10,10,10,23,7,28,0.00,4,,307
2014-6-21,72,63,54,51,49,45,83,61,38,29.95,29.92,29.90,10,10,10,15,6,21,0.00,3,,307
2014-6-22,74,64,53,52,50,47,83,62,41,29.97,29.93,29.91,10,10,10,21,6,26,0.00,1,,317
2014-6-23,78,66,53,52,50,47,86,62,38,29.97,29.94,29.91,10,9,6,18,7,22,0.00,3,,315
2014-6-24,75,66,57,54,51,48,72,57,41,30.01,29.99,29.97,10,10,10,21,7,26,0.00,1,,318
2014-6-25,74,66,57,58,55,53,86,72,57,30.01,29.99,29.97,10,10,10,20,8,28,0.00,4,,320
2014-6-26,77,69,60,59,54,49,90,64,38,30.01,29.98,29.94,10,10,10,22,10,25,0.01,4,,318
2014-6-27,78,69,59,60,55,53,87,69,50,30.00,29.97,29.93,10,10,10,21,9,25,0.00,3,,319
2014-6-28,77,68,59,56,53,49,78,61,43,29.97,29.95,29.91,10,10,10,21,9,28,0.00,1,,322
2014-6-29,87,72,57,56,52,46,80,56,32,29.95,29.89,29.83,10,10,10,17,5,21,0.00,0,,299
2014-6-30,92,77,62,58,55,49,84,54,24,29.84,29.81,29.77,10,10,10,17,6,20,0.00,4,,288
2014-7-1,79,68,57,59,55,52,84,66,48,29.86,29.82,29.79,10,10,10,16,8,21,0.00,1,,238
2014-7-2,81,69,57,58,54,52,86,64,42,29.91,29.87,29.84,10,10,10,22,8,25,0.00,2,,113
2014-7-3,81,69,56,58,54,52,93,68,43,29.94,29.91,29.88,10,10,8,16,7,21,0.00,0,,213
2014-7-4,79,69,58,58,55,51,87,65,42,30.02,29.95,29.90,10,10,8,17,7,21,0.00,0,,293
2014-7-5,82,70,57,57,54,47,86,60,33,30.07,30.03,30.00,10,9,5,15,6,18,0.00,2,,298
2014-7-6,82,70,57,56,54,50,93,64,35,30.06,30.00,29.93,10,10,10,13,6,17,0.00,1,,294
2014-7-7,82,71,59,58,56,55,87,66,45,29.94,29.89,29.83,10,10,10,14,5,17,0.00,4,,299
2014-7-8,80,70,59,59,55,51,84,65,46,29.92,29.89,29.86,10,10,10,15,7,21,0.00,2,,294
2014-7-9,80,69,57,59,55,52,86,65,43,29.94,29.90,29.85,10,10,10,15,9,20,0.00,0,,179
2014-7-10,80,69,58,58,55,53,86,66,45,29.94,29.90,29.85,10,10,10,17,9,24,0.00,1,,171
2014-7-11,76,68,59,56,54,53,78,64,49,30.08,30.00,29.94,10,10,10,20,9,24,0.00,2,,250
2014-7-12,73,66,58,57,54,53,80,69,57,30.09,30.06,30.02,10,10,10,18,8,22,0.00,4,,305
2014-7-13,77,68,58,59,56,54,87,69,50,30.05,29.98,29.89,10,10,10,13,6,15,0.00,5,,304
2014-7-14,86,74,62,60,58,55,84,63,42,29.93,29.89,29.86,10,10,9,16,5,24,0.00,3,,284
2014-7-15,83,72,61,63,59,55,90,72,53,29.99,29.95,29.92,10,10,10,14,7,22,T,4,,291
2014-7-16,83,73,62,61,58,56,90,67,43,30.03,29.99,29.95,10,10,10,21,8,25,0.00,3,,277
2014-7-17,78,69,60,58,56,55,84,67,50,30.01,29.98,29.94,10,10,10,20,8,25,0.00,1,,330
2014-7-18,76,69,61,58,56,55,84,69,53,30.01,29.98,29.93,10,10,10,16,9,21,0.00,3,,187
2014-7-19,78,70,62,59,57,55,84,67,50,29.97,29.94,29.91,10,10,10,16,7,21,T,5,,313
2014-7-20,78,71,63,61,59,58,90,71,52,29.99,29.95,29.93,10,10,10,18,8,24,0.00,5,,310
2014-7-21,79,71,62,60,57,56,78,63,48,30.04,30.01,29.98,10,10,10,18,8,23,0.00,3,,273
2014-7-22,79,71,62,59,56,55,84,66,48,30.11,30.06,30.04,10,10,10,20,8,24,T,4,Rain,319
2014-7-23,78,69,59,60,56,54,84,65,45,30.14,30.10,30.05,10,10,10,20,8,26,0.00,2,,308
2014-7-24,85,72,59,59,56,52,90,65,39,30.05,29.94,29.83,10,10,10,18,7,23,0.00,1,,305
2014-7-25,94,78,61,59,52,42,78,48,17,29.88,29.85,29.81,10,10,10,18,6,22,0.00,1,,299
2014-7-26,88,75,61,61,55,48,78,59,39,29.96,29.90,29.87,10,10,10,17,7,21,0.00,2,,282
2014-7-27,86,74,62,60,59,56,87,62,37,30.00,29.95,29.90,10,10,10,14,6,17,0.00,3,,297
2014-7-28,82,71,60,60,58,54,90,68,45,30.05,30.02,29.99,10,10,10,15,5,18,0.00,4,,294
2014-7-29,83,73,62,61,58,54,90,65,39,30.06,30.02,29.96,10,10,10,15,7,18,0.00,1,,292
2014-7-30,82,72,61,61,59,58,97,74,51,30.01,29.98,29.93,10,10,9,15,7,18,0.00,2,,306
2014-7-31,80,71,61,61,59,57,97,74,51,29.99,29.94,29.88,10,10,8,14,6,15,0.00,4,,298
2014-8-1,82,71,60,61,60,56,97,73,48,29.91,29.90,29.86,10,10,8,16,6,20,0.00,2,,297
2014-8-2,75,68,60,59,58,57,97,79,61,29.96,29.92,29.89,10,9,7,15,7,17,0.00,4,,302
2014-8-3,74,66,58,58,56,55,93,75,57,29.97,29.94,29.91,10,10,10,16,7,21,0.00,6,,328
2014-8-4,79,69,59,58,56,54,84,66,48,30.01,29.96,29.94,10,10,10,18,8,22,0.00,5,,319
2014-8-5,80,71,62,61,58,57,84,67,50,30.07,30.02,30.00,10,10,10,21,6,26,0.00,5,,317
2014-8-6,85,74,62,62,60,58,84,65,45,30.03,29.99,29.94,10,10,10,18,7,22,T,4,,300
2014-8-7,78,70,62,60,57,56,84,69,53,29.98,29.95,29.90,10,10,7,16,6,20,0.00,3,,302
2014-8-8,80,69,58,58,55,54,87,65,42,29.94,29.91,29.86,10,10,7,15,6,18,0.00,3,,285
2014-8-9,75,67,58,57,55,53,86,70,53,30.00,29.95,29.91,10,10,8,16,8,20,0.00,2,,309
2014-8-10,80,70,59,58,55,53,78,62,45,30.01,29.97,29.92,10,10,10,16,6,18,0.00,5,,3
2014-8-11,79,69,58,58,56,54,87,68,48,29.96,29.93,29.88,10,10,10,14,6,18,0.00,1,,258
2014-8-12,79,69,59,57,55,52,78,61,43,29.99,29.94,29.91,10,10,10,17,9,21,0.00,3,,272
2014-8-13,81,71,61,58,56,54,84,63,42,30.00,29.96,29.92,10,10,10,20,8,24,0.00,3,,313
2014-8-14,79,70,61,60,57,55,90,68,45,29.97,29.93,29.88,10,10,10,16,6,20,0.00,3,,299
2014-8-15,81,69,57,59,56,54,84,63,42,30.00,29.97,29.93,10,10,10,14,7,17,0.00,1,,230
2014-8-16,80,70,60,58,56,54,90,68,45,30.05,30.00,29.96,10,10,8,16,6,20,0.00,3,,302
2014-8-17,77,68,59,59,57,55,90,72,53,30.04,29.99,29.91,10,10,7,15,6,20,0.00,3,,303
2014-8-18,76,68,59,59,57,55,90,72,53,29.92,29.87,29.82,10,10,8,17,6,22,0.00,4,,327
2014-8-19,79,70,61,59,56,55,84,66,48,29.88,29.84,29.79,10,10,9,15,7,20,0.00,5,,145
2014-8-20,81,71,60,58,56,51,84,60,36,29.93,29.88,29.85,10,10,10,16,9,21,0.00,3,,145
2014-8-21,80,70,59,61,56,54,84,65,45,29.95,29.92,29.89,10,10,10,16,8,21,0.00,0,,212
2014-8-22,81,71,60,59,56,53,84,64,43,29.94,29.91,29.88,10,10,10,21,8,24,0.00,1,,312
2014-8-23,79,70,60,58,55,48,90,63,36,29.96,29.90,29.85,10,10,10,16,8,22,0.00,3,,16
2014-8-24,77,68,58,57,55,54,84,67,50,29.91,29.87,29.80,10,10,10,17,8,21,0.00,2,,284
2014-8-25,77,68,58,56,54,54,84,66,47,29.95,29.88,29.84,10,10,10,20,8,23,0.00,3,,235
2014-8-26,77,67,56,57,54,51,80,63,46,30.01,29.98,29.93,10,10,10,15,5,24,0.00,1,,275
2014-8-27,83,72,60,59,56,52,84,60,36,30.07,30.02,29.98,10,10,10,16,6,20,0.00,0,,282
2014-8-28,82,71,60,60,58,55,90,66,42,30.08,30.02,29.94,10,9,7,15,6,26,0.00,2,,309
2014-8-29,83,72,60,60,58,56,90,65,40,29.97,29.93,29.87,10,9,7,21,5,24,0.00,6,,304
2014-8-30,86,74,61,59,56,50,90,62,34,29.92,29.89,29.86,10,10,10,21,6,24,0.00,1,,317
2014-8-31,82,70,58,58,56,53,90,66,42,29.94,29.89,29.83,10,10,10,20,6,22,0.00,0,,294
2014-9-1,86,72,58,60,54,50,86,59,31,29.86,29.81,29.75,10,10,10,17,5,22,0.00,0,,296
2014-9-2,77,68,59,60,58,56,93,72,50,29.85,29.81,29.77,10,10,9,15,6,20,0.00,0,,300
2014-9-3,79,69,58,59,56,53,90,68,45,29.80,29.75,29.69,10,10,10,18,9,22,0.00,3,,114
2014-9-4,80,70,59,58,56,54,87,65,42,29.80,29.74,29.72,10,9,6,16,7,20,0.00,4,,142
2014-9-5,76,67,57,58,56,54,93,71,49,29.91,29.86,29.81,10,10,8,16,8,20,0.00,2,,185
2014-9-6,76,67,58,57,55,53,84,67,50,29.97,29.92,29.88,10,8,5,16,6,18,0.00,3,,343
2014-9-7,74,66,58,56,54,53,86,70,53,29.91,29.87,29.81,10,10,8,17,6,18,0.00,3,,313
2014-9-8,70,63,56,54,52,51,86,70,53,29.96,29.89,29.85,10,10,9,16,7,20,0.00,3,,320
2014-9-9,75,65,54,58,53,50,90,68,46,30.00,29.95,29.90,10,9,6,13,4,15,0.00,2,,304
2014-9-10,88,72,55,60,56,46,100,62,24,29.96,29.90,29.81,10,9,4,14,4,16,0.00,1,,291
2014-9-11,89,73,57,60,55,44,90,56,22,29.91,29.86,29.81,10,10,8,14,5,20,0.00,1,,299
2014-9-12,85,72,59,61,57,48,93,61,29,29.90,29.85,29.78,10,9,6,13,4,22,0.00,1,,299
2014-9-13,82,71,60,59,58,57,97,71,45,29.86,29.82,29.77,10,9,7,14,5,20,0.00,4,,296
2014-9-14,79,69,59,59,56,48,90,63,35,29.86,29.83,29.79,10,9,6,13,6,20,0.00,2,,300
2014-9-15,77,69,60,59,56,51,90,67,43,29.94,29.89,29.85,10,10,8,18,7,22,0.00,2,,317
2014-9-16,81,69,56,59,53,42,90,58,26,29.94,29.88,29.80,10,10,10,16,5,20,0.00,1,,301
2014-9-17,83,71,59,60,56,46,90,60,30,29.83,29.79,29.73,10,10,7,20,6,26,0.00,3,,213
2014-9-18,80,72,64,64,59,53,93,68,42,29.90,29.83,29.78,10,10,10,18,8,23,T,5,,170
2014-9-19,77,70,63,63,60,59,93,76,58,29.92,29.89,29.84,10,10,9,16,6,21,0.00,3,,305
2014-9-20,77,70,62,63,59,57,93,74,54,29.96,29.91,29.87,10,10,7,17,6,23,0.00,4,,305
2014-9-21,74,68,62,59,58,56,84,71,57,30.02,29.99,29.93,10,10,10,18,8,24,0.00,5,,317
2014-9-22,79,71,62,58,57,52,84,62,39,30.05,30.00,29.95,10,10,9,20,7,24,0.00,5,,311
2014-9-23,78,69,59,63,59,55,90,70,50,30.02,29.97,29.91,10,10,10,17,6,20,0.00,4,,317
2014-9-24,80,71,62,63,60,57,87,70,52,29.98,29.93,29.86,10,10,10,23,6,25,0.00,4,,304
2014-9-25,73,65,57,63,58,54,100,77,53,30.02,29.96,29.89,10,8,1,17,7,21,0.36,6,Rain,308
2014-9-26,73,65,57,56,53,47,93,67,41,30.00,29.97,29.91,10,10,10,22,7,25,T,4,,272
2014-9-27,74,67,59,56,54,52,80,65,49,29.94,29.90,29.83,10,10,10,16,6,22,0.00,3,,304
2014-9-28,75,67,58,58,55,53,90,68,46,29.96,29.88,29.84,10,10,10,18,8,22,0.00,4,,125
2014-9-29,72,65,58,58,56,55,90,74,57,30.04,29.99,29.96,10,10,8,21,6,24,0.00,4,,302
2014-9-30,76,65,54,56,54,44,93,63,33,30.01,29.94,29.84,10,10,10,15,5,20,0.00,1,,319
2014-10-1,85,70,55,56,49,36,93,54,15,29.99,29.90,29.85,10,10,10,16,6,23,0.00,0,,300
2014-10-2,90,72,53,48,41,35,66,41,16,30.03,29.98,29.94,10,10,10,13,4,15,0.00,0,,240
2014-10-3,91,75,58,52,43,37,57,37,16,30.09,30.03,29.98,10,10,10,13,4,21,0.00,0,,299
2014-10-4,92,75,58,49,41,32,56,35,13,30.04,29.98,29.91,10,10,10,14,4,17,0.00,1,,307
2014-10-5,90,74,58,53,45,38,58,38,17,29.96,29.91,29.86,10,10,10,14,3,15,0.00,1,,296
2014-10-6,88,72,56,59,51,38,90,54,17,29.93,29.89,29.83,10,10,10,12,3,14,0.00,1,,297
2014-10-7,81,69,56,59,55,43,93,60,26,29.94,29.89,29.83,10,10,7,14,4,16,0.00,2,,294
2014-10-8,85,70,55,57,53,42,93,59,24,29.93,29.89,29.84,10,10,10,15,4,18,0.00,1,,293
2014-10-9,75,65,55,58,55,52,93,73,53,30.00,29.95,29.91,10,10,8,14,5,15,0.00,2,,300
2014-10-10,71,64,56,56,54,53,93,76,59,30.08,30.03,29.99,10,10,8,13,5,15,0.00,5,,325
2014-10-11,77,65,53,57,53,48,93,66,38,30.07,30.02,29.97,10,10,7,14,4,16,0.00,3,,293
2014-10-12,87,71,54,57,43,28,93,53,12,30.00,29.94,29.88,10,10,10,15,5,21,0.00,0,,297
2014-10-13,87,71,55,58,40,25,84,48,12,29.97,29.93,29.89,10,10,9,18,5,22,0.00,1,,287
2014-10-14,72,64,55,56,54,51,93,71,49,29.95,29.89,29.84,10,10,8,23,11,35,0.00,4,,150
2014-10-15,73,66,58,56,53,48,84,63,41,30.03,29.97,29.87,10,10,10,18,8,28,T,5,,229
2014-10-16,71,63,54,53,49,43,86,63,40,30.04,29.99,29.94,10,10,10,15,4,18,0.00,5,,308
2014-10-17,75,63,51,52,47,44,83,60,36,29.99,29.95,29.91,10,10,10,15,6,20,0.00,4,,148
2014-10-18,78,66,54,58,51,48,84,60,35,29.99,29.94,29.87,10,10,10,17,5,22,0.00,0,,311
2014-10-19,75,65,55,59,56,53,100,77,54,29.93,29.90,29.85,10,8,0,18,5,22,0.00,4,Fog,313
2014-10-20,68,61,54,58,55,50,90,75,59,30.08,29.97,29.91,10,10,7,24,6,29,T,5,Rain,131
2014-10-21,70,59,48,50,47,41,93,65,37,30.11,30.06,30.01,10,10,10,20,5,23,0.00,2,,294
2014-10-22,72,60,48,57,49,42,86,62,37,30.09,30.05,30.00,10,10,10,13,5,16,0.00,4,,296
2014-10-23,74,65,55,58,53,50,86,65,44,30.08,30.02,29.97,10,10,10,14,4,20,0.00,3,,301
2014-10-24,78,65,51,57,53,49,96,69,41,29.98,29.93,29.88,10,10,9,20,6,29,0.00,2,,166
2014-10-25,71,64,56,58,54,48,100,74,47,30.15,30.03,29.92,10,8,2,16,7,22,0.11,5,Rain,141
2014-10-26,68,60,51,53,48,40,93,65,37,30.17,30.13,30.06,10,10,10,21,7,25,0.00,3,,275
2014-10-27,70,58,46,51,46,41,93,65,37,30.08,30.04,30.00,10,10,10,17,5,21,0.00,2,,311
2014-10-28,73,60,47,56,48,39,93,62,31,30.13,30.09,30.05,10,10,10,15,4,17,0.00,0,,309
2014-10-29,78,64,50,52,48,46,86,60,33,30.12,30.05,29.97,10,10,10,8,2,10,0.00,1,,301
2014-10-30,81,68,55,54,48,36,78,49,20,29.97,29.91,29.87,10,10,10,16,5,21,0.00,5,,202
2014-10-31,63,58,53,57,54,52,100,86,72,29.92,29.84,29.75,10,9,1,15,5,20,0.51,7,Rain,151
2014-11-1,63,56,48,52,48,44,100,78,55,30.05,29.90,29.76,10,10,7,18,5,22,0.02,4,Rain,145
2014-11-2,65,55,45,48,45,40,93,68,43,30.17,30.12,30.05,10,10,10,18,5,21,0.00,1,,308
2014-11-3,69,56,43,52,44,35,92,60,28,30.27,30.22,30.17,10,10,10,14,4,17,0.00,3,,308
2014-11-4,69,57,45,51,46,43,93,68,42,30.32,30.26,30.22,10,10,10,13,3,15,0.00,2,,242
2014-11-5,77,62,47,49,46,43,83,58,33,30.22,30.14,30.07,10,10,10,9,2,9,0.00,2,,119
2014-11-6,74,62,49,55,50,46,86,62,38,30.22,30.19,30.14,10,10,8,17,3,17,0.00,3,,317
2014-11-7,69,60,51,57,54,51,100,79,57,30.24,30.18,30.10,10,6,0,10,3,14,0.00,3,Fog,282
2014-11-8,74,62,49,55,51,48,96,70,44,30.13,30.07,30.00,10,10,8,8,1,10,0.00,3,,305
2014-11-9,75,62,49,56,51,46,93,66,38,30.03,29.92,29.83,10,10,9,14,2,16,0.00,1,,297
2014-11-10,73,60,46,55,51,46,100,77,53,29.85,29.82,29.78,10,6,0,15,5,20,0.00,3,Fog,153
2014-11-11,65,59,52,52,48,45,86,69,52,29.98,29.92,29.86,10,10,10,18,7,22,0.00,6,,147
2014-11-12,67,61,54,47,45,43,77,60,42,30.03,29.99,29.96,10,10,10,15,4,17,T,7,,65
2014-11-13,66,60,53,58,54,52,93,80,67,30.08,30.02,29.95,10,9,2,14,7,18,0.14,7,Rain,117
2014-11-14,66,59,51,52,50,46,96,78,60,30.12,30.09,30.06,10,10,10,14,4,17,0.00,4,,287
2014-11-15,65,57,49,52,48,45,93,75,56,30.19,30.14,30.10,10,10,10,17,4,18,0.00,4,,272
2014-11-16,64,55,45,45,30,14,93,53,13,30.25,30.22,30.18,10,10,10,14,3,17,0.00,5,,287
2014-11-17,66,53,40,38,34,29,70,48,26,30.24,30.17,30.10,10,10,10,8,1,12,0.00,3,,143
2014-11-18,66,55,44,44,39,33,71,51,31,30.14,30.09,30.05,10,10,10,12,2,13,0.00,5,,232
2014-11-19,66,59,52,56,45,28,100,64,27,30.14,30.06,30.01,10,10,5,21,8,28,T,5,Rain,123
2014-11-20,59,55,50,58,53,50,100,93,86,30.12,30.07,29.98,10,9,4,16,4,21,0.12,6,Rain,141
2014-11-21,63,55,47,52,49,45,100,76,52,30.14,30.09,30.04,10,10,10,13,3,14,0.01,6,,250
2014-11-22,64,57,50,61,53,46,93,84,75,30.25,30.14,30.09,10,8,2,18,9,24,0.01,6,Rain,98
2014-11-23,65,55,45,48,42,35,93,64,34,30.33,30.29,30.25,10,10,10,13,5,15,0.00,2,,276
2014-11-24,66,52,38,43,38,34,92,62,31,30.41,30.36,30.32,10,10,10,10,3,13,0.00,1,,275
2014-11-25,67,54,40,45,38,31,76,52,28,30.46,30.39,30.34,10,10,10,7,2,9,0.00,1,,244
2014-11-26,70,56,41,48,43,38,83,60,36,30.32,30.25,30.20,10,10,8,10,1,12,0.00,1,,352
2014-11-27,69,56,43,47,43,40,86,62,37,30.20,30.12,30.05,10,9,7,6,1,8,0.00,2,,320
2014-11-28,65,52,39,50,41,34,86,63,40,30.07,29.99,29.88,10,7,1,14,5,16,0.00,3,,134
2014-11-29,60,56,51,55,52,48,100,86,72,29.88,29.83,29.75,10,9,3,17,7,21,0.71,7,Rain,130
2014-11-30,64,57,50,56,52,46,100,89,77,30.03,29.87,29.75,10,8,2,9,6,,0.57,5,Rain,128
2014-12-1,68,59,50,61,55,51,100,84,68,30.11,30.03,29.94,10,8,0,16,3,20,0.02,4,Fog,145
2014-12-2,61,58,54,58,55,54,100,92,84,29.93,29.81,29.68,10,5,0,18,6,23,1.20,7,Fog-Rain,134
2014-12-3,62,60,57,61,58,55,100,92,84,29.90,29.79,29.70,10,6,2,25,12,33,1.28,7,Rain,124
2014-12-4,67,61,55,58,55,54,100,84,68,30.02,29.95,29.88,10,10,10,10,4,13,0.01,5,Rain,132
2014-12-5,65,60,55,58,56,54,100,87,73,30.09,30.03,29.99,10,10,9,17,8,22,0.02,7,Rain,116
2014-12-6,67,62,56,58,56,54,93,78,63,30.22,30.18,30.10,10,10,7,12,4,14,0.02,6,Rain,183
2014-12-7,65,58,51,56,53,51,100,84,67,30.22,30.18,30.14,10,7,0,13,2,15,0.00,5,Fog,122
2014-12-8,71,60,49,56,52,49,100,75,49,30.18,30.15,30.10,10,10,8,13,4,15,0.00,4,,131
2014-12-9,64,58,51,57,54,51,100,87,73,30.20,30.13,30.07,10,10,8,12,3,15,0.00,6,,116
2014-12-10,64,58,52,55,52,50,100,83,65,30.07,29.95,29.76,10,8,1,23,9,29,0.00,6,,116
2014-12-11,63,57,50,59,54,49,100,80,60,29.73,29.64,29.55,10,5,1,32,12,44,3.23,8,Rain,72
2014-12-12,56,51,46,53,48,45,100,86,72,30.09,29.84,29.66,10,9,5,10,4,15,0.20,7,Rain,140
2014-12-13,57,50,43,48,45,43,100,86,72,30.23,30.18,30.09,10,9,2,9,2,12,T,4,,194
2014-12-14,60,52,43,46,44,42,93,74,55,30.14,30.06,30.00,10,10,7,13,5,17,0.05,5,Rain,126
2014-12-15,55,53,50,52,49,46,100,89,77,29.97,29.90,29.83,10,9,3,28,12,37,0.65,7,Rain,111
2014-12-16,61,55,48,54,49,43,100,76,51,29.97,29.91,29.83,10,8,2,20,8,25,0.55,6,Rain,125
2014-12-17,58,52,45,53,48,45,100,84,67,30.10,30.04,29.95,10,9,6,17,7,22,0.22,6,Rain,113
2014-12-18,62,56,50,49,48,46,83,72,60,30.19,30.13,30.07,10,10,10,20,8,25,0.00,6,,126
2014-12-19,57,55,52,55,52,47,100,86,72,30.19,30.15,30.12,10,10,5,20,9,25,0.19,7,Rain,119
2014-12-20,62,58,54,55,53,49,100,82,64,30.27,30.18,30.12,10,8,2,10,2,13,0.06,8,Rain,144
2014-12-21,62,59,56,58,56,52,93,87,80,30.33,30.28,30.25,10,10,6,16,6,18,T,7,Rain,304
2014-12-22,63,58,52,56,55,52,100,86,72,30.29,30.23,30.18,10,9,2,10,5,14,0.00,5,,300
2014-12-23,68,59,49,54,50,46,100,76,52,30.22,30.17,30.12,10,5,0,13,3,16,0.02,2,Fog,283
2014-12-24,60,53,45,53,47,38,100,83,66,30.12,30.04,29.96,10,6,0,29,7,38,0.04,4,Fog-Rain,272
2014-12-25,58,51,43,39,33,24,83,57,30,30.14,30.09,30.05,10,10,10,22,12,29,0.00,0,,291
2014-12-26,57,49,40,38,30,24,76,53,30,30.27,30.18,30.10,10,10,10,14,6,21,0.00,0,,292
2014-12-27,55,44,33,36,31,28,82,59,35,30.39,30.34,30.28,10,10,10,8,2,10,0.00,3,,127
2014-12-28,57,47,37,42,37,34,86,67,47,30.36,30.30,30.24,10,10,10,8,2,12,0.00,2,,276
2014-12-29,56,50,43,43,40,37,89,72,55,30.25,30.18,30.12,10,10,10,15,4,18,0.00,4,,229
2014-12-30,53,45,37,37,23,10,82,51,20,30.24,30.15,30.11,10,10,10,31,13,39,0.00,1,,319
2014-12-31,55,46,37,20,13,4,44,29,13,30.27,30.17,30.07,10,10,10,20,6,26,0.00,1,,279
